Tournament,Group,Golfer,Current OWGR,Last Week OWGR,End of last year OWGR,Recent Tournament 1,Recent Toounament 1 result,Recent Tournament 2,Recent Toounament 2 result,Recent Tournament 3,Recent Toounament 3 result,Recent Tournament 4,Recent Toounament 4 result
Charles Schwab Challenge,1,Justin Thomas,2,2,3,Valspar Championship,T13,Wells Fargo Championship,T26,AT&T Byron Nelson,DNP,PGA Championship,CUT
Charles Schwab Challenge,1,Collin Morikawa,5,6,7,Valspar Championship,DNP,Wells Fargo Championship,DNP,AT&T Byron Nelson,DNP,PGA Championship,T8
Charles Schwab Challenge,1,Patrick Reed,8,8,11,Valspar Championship,CUT,Wells Fargo Championship,T6,AT&T Byron Nelson,DNP,PGA Championship,T17
Charles Schwab Challenge,1,Tony Finau,13,14,19,Valspar Championship,DNP,Wells Fargo Championship,CUT,AT&T Byron Nelson,DNP,PGA Championship,T8
Charles Schwab Challenge,1,Daniel Berger,16,16,13,Valspar Championship,DNP,Wells Fargo Championship,DNP,AT&T Byron Nelson,T3,PGA Championship,T75
Charles Schwab Challenge,1,Abraham Ancer,19,19,23,Valspar Championship,5,Wells Fargo Championship,2,AT&T Byron Nelson,DNP,PGA Championship,T8
Charles Schwab Challenge,1,Billy Horschel,21,18,42,Valspar Championship,DNP,Wells Fargo Championship,DNP,AT&T Byron Nelson,DNP,PGA Championship,T23
Charles Schwab Challenge,1,Scottie Scheffler,22,24,31,Valspar Championship,T29,Wells Fargo Championship,DNP,AT&T Byron Nelson,T47,PGA Championship,T8
Charles Schwab Challenge,1,Sungjae Im,23,23,18,Valspar Championship,T29,Wells Fargo Championship,CUT,AT&T Byron Nelson,DNP,PGA Championship,T17
Charles Schwab Challenge,1,Lee Westwood,25,21,36,Valspar Championship,DNP,Wells Fargo Championship,DNP,AT&T Byron Nelson,T21,PGA Championship,T71
Charles Schwab Challenge,2,Will Zalatoris,27,30,59,Valspar Championship,DNP,Wells Fargo Championship,CUT,AT&T Byron Nelson,T17,PGA Championship,T8
Charles Schwab Challenge,2,Jordan Spieth,28,26,82,Valspar Championship,DNP,Wells Fargo Championship,DNP,AT&T Byron Nelson,T9,PGA Championship,T30
Charles Schwab Challenge,2,Joaquin Niemann,29,29,45,Valspar Championship,T8,Wells Fargo Championship,T18,AT&T Byron Nelson,DNP,PGA Championship,T30
Charles Schwab Challenge,2,Phil Mickelson,32,115,66,Valspar Championship,CUT,Wells Fargo Championship,69,AT&T Byron Nelson,DNP,PGA Championship,1
Charles Schwab Challenge,2,Ryan Palmer,33,32,30,Valspar Championship,T63,Wells Fargo Championship,DNP,AT&T Byron Nelson,T47,PGA Championship,CUT
Charles Schwab Challenge,2,Jason Kokrak,35,35,26,Valspar Championship,T13,Wells Fargo Championship,DNP,AT&T Byron Nelson,DNP,PGA Championship,T49
Charles Schwab Challenge,2,Corey Conners,36,39,54,Valspar Championship,T21,Wells Fargo Championship,T43,AT&T Byron Nelson,DNP,PGA Championship,T17
Charles Schwab Challenge,2,Kevin Na,37,34,38,Valspar Championship,T29,Wells Fargo Championship,DNP,AT&T Byron Nelson,DNP,PGA Championship,CUT
Charles Schwab Challenge,2,Justin Rose,41,42,35,Valspar Championship,CUT,Wells Fargo Championship,DNP,AT&T Byron Nelson,DNP,PGA Championship,T8
Charles Schwab Challenge,2,Kevin Kisner,47,44,25,Valspar Championship,CUT,Wells Fargo Championship,DNP,AT&T Byron Nelson,DNP,PGA Championship,CUT
Charles Schwab Challenge,3,Sergio Garcia,48,46,46,Valspar Championship,DNP,Wells Fargo Championship,DNP,AT&T Byron Nelson,CUT,PGA Championship,CUT
Charles Schwab Challenge,3,Brian Harman,49,47,91,Valspar Championship,DNP,Wells Fargo Championship,T18,AT&T Byron Nelson,DNP,PGA Championship,CUT
Charles Schwab Challenge,3,Si Woo Kim,50,50,95,Valspar Championship,DNP,Wells Fargo Championship,DNP,AT&T Byron Nelson,T55,PGA Championship,CUT
Charles Schwab Challenge,3,Matt Kuchar,51,49,37,Valspar Championship,DNP,Wells Fargo Championship,DNP,AT&T Byron Nelson,T17,PGA Championship,CUT
Charles Schwab Challenge,3,Matt Wallace,53,52,50,Valspar Championship,DNP,Wells Fargo Championship,T6,AT&T Byron Nelson,DNP,PGA Championship,T55
Charles Schwab Challenge,3,Gary Woodland,54,53,39,Valspar Championship,CUT,Wells Fargo Championship,5,AT&T Byron Nelson,DNP,PGA Championship,T38
Charles Schwab Challenge,3,Matt Jones,55,56,113,Valspar Championship,DNP,Wells Fargo Championship,T37,AT&T Byron Nelson,DNP,PGA Championship,T30
Charles Schwab Challenge,3,Carlos Ortiz,56,54,61,Valspar Championship,DNP,Wells Fargo Championship,T65,AT&T Byron Nelson,T21,PGA Championship,T55
Charles Schwab Challenge,3,Kevin Streelman,57,64,52,Valspar Championship,CUT,Wells Fargo Championship,T26,AT&T Byron Nelson,DNP,PGA Championship,T8
Charles Schwab Challenge,3,Mackenzie Hughes,61,58,49,Valspar Championship,CUT,Wells Fargo Championship,CUT,AT&T Byron Nelson,DNP,PGA Championship,CUT
Charles Schwab Challenge,4,Brendon Todd,62,60,47,Valspar Championship,DNP,Wells Fargo Championship,DNP,AT&T Byron Nelson,DNP,PGA Championship,CUT
Charles Schwab Challenge,4,Chris Kirk,64,63,265,Valspar Championship,CUT,Wells Fargo Championship,DNP,AT&T Byron Nelson,DNP,PGA Championship,CUT
Charles Schwab Challenge,4,Ian Poulter,66,67,48,Valspar Championship,T21,Wells Fargo Championship,CUT,AT&T Byron Nelson,DNP,PGA Championship,T30
Charles Schwab Challenge,4,Charley Hoffman,69,75,144,Valspar Championship,T18,Wells Fargo Championship,DNP,AT&T Byron Nelson,DNP,PGA Championship,T17
Charles Schwab Challenge,4,Cameron Tringale,70,66,103,Valspar Championship,T3,Wells Fargo Championship,CUT,AT&T Byron Nelson,DNP,PGA Championship,CUT
Charles Schwab Challenge,4,Joel Dahmen,71,68,64,Valspar Championship,DNP,Wells Fargo Championship,T18,AT&T Byron Nelson,DNP,PGA Championship,T55
Charles Schwab Challenge,4,Talor Gooch,72,72,81,Valspar Championship,CUT,Wells Fargo Championship,T26,AT&T Byron Nelson,T39,PGA Championship,T44
Charles Schwab Challenge,4,Sebastián Muñoz,75,71,60,Valspar Championship,DNP,Wells Fargo Championship,CUT,AT&T Byron Nelson,T55,PGA Championship,CUT
Charles Schwab Challenge,4,Emiliano Grillo,76,76,156,Valspar Championship,CUT,Wells Fargo Championship,T14,AT&T Byron Nelson,DNP,PGA Championship,T38
Charles Schwab Challenge,4,Harold Varner III,81,84,130,Valspar Championship,DNP,Wells Fargo Championship,CUT,AT&T Byron Nelson,DNP,PGA Championship,T49
Charles Schwab Challenge,5,Dylan Frittelli,85,81,68,Valspar Championship,DNP,Wells Fargo Championship,DNP,AT&T Byron Nelson,DNP,PGA Championship,CUT
Charles Schwab Challenge,5,Adam Long,87,85,62,Valspar Championship,CUT,Wells Fargo Championship,CUT,AT&T Byron Nelson,DNP,PGA Championship,CUT
Charles Schwab Challenge,5,Branden Grace,90,92,126,Valspar Championship,T54,Wells Fargo Championship,DNP,AT&T Byron Nelson,DNP,PGA Championship,T38
Charles Schwab Challenge,5,J.T. Poston,91,88,72,Valspar Championship,T54,Wells Fargo Championship,T26,AT&T Byron Nelson,DNP,PGA Championship,CUT
Charles Schwab Challenge,5,Harry Higgs,93,154,121,Valspar Championship,DNP,Wells Fargo Championship,CUT,AT&T Byron Nelson,CUT,PGA Championship,T4
Charles Schwab Challenge,5,Cameron Champ,103,95,71,Valspar Championship,DNP,Wells Fargo Championship,DNP,AT&T Byron Nelson,T55,PGA Championship,CUT
Charles Schwab Challenge,5,Michael Thompson,106,108,106,Valspar Championship,DNP,Wells Fargo Championship,CUT,AT&T Byron Nelson,DNP,PGA Championship,DNP
Charles Schwab Challenge,5,Maverick McNealy,108,104,166,Valspar Championship,DNP,Wells Fargo Championship,CUT,AT&T Byron Nelson,DNP,PGA Championship,CUT
Charles Schwab Challenge,5,Richy Werenski,109,114,150,Valspar Championship,CUT,Wells Fargo Championship,T37,AT&T Byron Nelson,DNP,PGA Championship,T38
Charles Schwab Challenge,5,Adam Hadwin,112,107,78,Valspar Championship,CUT,Wells Fargo Championship,CUT,AT&T Byron Nelson,DNP,PGA Championship,T64
Charles Schwab Challenge,6,Tom Hoge,115,113,106,Valspar Championship,CUT,Wells Fargo Championship,CUT,AT&T Byron Nelson,CUT,PGA Championship,T64
Charles Schwab Challenge,6,Tom Lewis,120,116,73,Valspar Championship,T48,Wells Fargo Championship,CUT,AT&T Byron Nelson,CUT,PGA Championship,T71
Charles Schwab Challenge,6,Byeong Hun An,122,119,75,Valspar Championship,67,Wells Fargo Championship,CUT,AT&T Byron Nelson,DNP,PGA Championship,T49
Charles Schwab Challenge,6,Robert Streb,123,125,115,Valspar Championship,DNP,Wells Fargo Championship,CUT,AT&T Byron Nelson,DNP,PGA Championship,T59
Charles Schwab Challenge,6,Henrik Norlander,124,120,165,Valspar Championship,T48,Wells Fargo Championship,CUT,AT&T Byron Nelson,DNP,PGA Championship,DNP
Charles Schwab Challenge,6,Zach Johnson,125,121,97,Valspar Championship,T29,Wells Fargo Championship,T51,AT&T Byron Nelson,DNP,PGA Championship,CUT
Charles Schwab Challenge,6,Cam Davis,127,127,229,Valspar Championship,CUT,Wells Fargo Championship,T26,AT&T Byron Nelson,DNP,PGA Championship,T59
Charles Schwab Challenge,6,Lucas Glover,129,123,110,Valspar Championship,T48,Wells Fargo Championship,CUT,AT&T Byron Nelson,DNP,PGA Championship,DNP
Charles Schwab Challenge,6,Brandt Snedeker,131,122,98,Valspar Championship,T11,Wells Fargo Championship,DNP,AT&T Byron Nelson,T17,PGA Championship,DNP
Charles Schwab Challenge,6,Rafa Cabrera Bello,135,129,102,Valspar Championship,CUT,Wells Fargo Championship,CUT,AT&T Byron Nelson,T21,PGA Championship,DNP
Charles Schwab Challenge,6,Henrik Stenson,136,130,65,Valspar Championship,T63,Wells Fargo Championship,DNP,AT&T Byron Nelson,DNP,PGA Championship,T64
Charles Schwab Challenge,6,Rory Sabbatini,143,138,117,Valspar Championship,CUT,Wells Fargo Championship,CUT,AT&T Byron Nelson,T26,PGA Championship,DNP
Charles Schwab Challenge,6,Nick Taylor,144,140,136,Valspar Championship,CUT,Wells Fargo Championship,T26,AT&T Byron Nelson,DNP,PGA Championship,DNP
Charles Schwab Challenge,6,Matthew NeSmith,145,141,188,Valspar Championship,T21,Wells Fargo Championship,T58,AT&T Byron Nelson,DNP,PGA Championship,DNP
Charles Schwab Challenge,6,Wyndham Clark,146,150,147,Valspar Championship,T60,Wells Fargo Championship,T43,AT&T Byron Nelson,T39,PGA Championship,T75
Charles Schwab Challenge,6,Graeme McDowell,147,139,80,Valspar Championship,CUT,Wells Fargo Championship,DNP,AT&T Byron Nelson,DNP,PGA Championship,DNP
Charles Schwab Challenge,6,Andrew Landry,148,142,105,Valspar Championship,CUT,Wells Fargo Championship,DNP,AT&T Byron Nelson,CUT,PGA Championship,DNP
Charles Schwab Challenge,6,Patton Kizzire,150,148,236,Valspar Championship,T60,Wells Fargo Championship,T58,AT&T Byron Nelson,T3,PGA Championship,DNP
Charles Schwab Challenge,6,Andrew Putnam,151,147,198,Valspar Championship,CUT,Wells Fargo Championship,T43,AT&T Byron Nelson,CUT,PGA Championship,DNP
Charles Schwab Challenge,6,Troy Merritt,152,151,151,Valspar Championship,T8,Wells Fargo Championship,CUT,AT&T Byron Nelson,T7,PGA Championship,DNP
Charles Schwab Challenge,6,Keith Mitchell,154,153,184,Valspar Championship,69,Wells Fargo Championship,T3,AT&T Byron Nelson,T26,PGA Championship,DNP
Charles Schwab Challenge,6,Sepp Straka,159,155,142,Valspar Championship,DNP,Wells Fargo Championship,T54,AT&T Byron Nelson,T26,PGA Championship,DNP
Charles Schwab Challenge,6,Doc Redman,161,157,89,Valspar Championship,T39,Wells Fargo Championship,CUT,AT&T Byron Nelson,T9,PGA Championship,DNP
Charles Schwab Challenge,6,James Hahn,162,159,248,Valspar Championship,CUT,Wells Fargo Championship,CUT,AT&T Byron Nelson,CUT,PGA Championship,DNP
Charles Schwab Challenge,6,Denny McCarthy,163,163,200,Valspar Championship,T39,Wells Fargo Championship,CUT,AT&T Byron Nelson,DNP,PGA Championship,T59
Charles Schwab Challenge,6,Luke List,164,162,176,Valspar Championship,CUT,Wells Fargo Championship,T6,AT&T Byron Nelson,T61,PGA Championship,DNP
Charles Schwab Challenge,6,Nate Lashley,165,161,119,Valspar Championship,DNP,Wells Fargo Championship,CUT,AT&T Byron Nelson,CUT,PGA Championship,DNP
Charles Schwab Challenge,6,Jhonattan Vegas,169,170,216,Valspar Championship,T48,Wells Fargo Championship,T43,AT&T Byron Nelson,T9,PGA Championship,DNP
Charles Schwab Challenge,6,C.T. Pan,173,169,145,Valspar Championship,DNP,Wells Fargo Championship,T18,AT&T Byron Nelson,DNP,PGA Championship,DNP
Charles Schwab Challenge,6,Peter Malnati,175,174,168,Valspar Championship,CUT,Wells Fargo Championship,T43,AT&T Byron Nelson,DNP,PGA Championship,CUT
Charles Schwab Challenge,6,Brandon Hagy,177,177,398,Valspar Championship,T60,Wells Fargo Championship,T26,AT&T Byron Nelson,DNP,PGA Championship,DNP
Charles Schwab Challenge,6,Mark Hubbard,180,178,139,Valspar Championship,CUT,Wells Fargo Championship,CUT,AT&T Byron Nelson,T34,PGA Championship,DNP
Charles Schwab Challenge,6,Danny Lee,189,186,140,Valspar Championship,T21,Wells Fargo Championship,WD,AT&T Byron Nelson,CUT,PGA Championship,DNP
Charles Schwab Challenge,6,Scott Stallings,192,191,245,Valspar Championship,T29,Wells Fargo Championship,T43,AT&T Byron Nelson,T3,PGA Championship,DNP
Charles Schwab Challenge,6,Scott Piercy,196,195,141,Valspar Championship,CUT,Wells Fargo Championship,T11,AT&T Byron Nelson,CUT,PGA Championship,DNP
Charles Schwab Challenge,6,Hudson Swafford,197,194,194,Valspar Championship,CUT,Wells Fargo Championship,DNP,AT&T Byron Nelson,CUT,PGA Championship,CUT
Charles Schwab Challenge,6,Sung Kang,198,193,86,Valspar Championship,CUT,Wells Fargo Championship,CUT,AT&T Byron Nelson,T47,PGA Championship,DNP
Charles Schwab Challenge,6,Kyle Stanley,202,199,243,Valspar Championship,T39,Wells Fargo Championship,T26,AT&T Byron Nelson,DNP,PGA Championship,DNP
Charles Schwab Challenge,6,Sam Ryder,205,205,318,Valspar Championship,CUT,Wells Fargo Championship,CUT,AT&T Byron Nelson,CUT,PGA Championship,DNP
Charles Schwab Challenge,6,Russell Knox,209,207,225,Valspar Championship,T21,Wells Fargo Championship,T18,AT&T Byron Nelson,T39,PGA Championship,DNP
Charles Schwab Challenge,6,Brian Stuard,212,209,185,Valspar Championship,CUT,Wells Fargo Championship,T37,AT&T Byron Nelson,T39,PGA Championship,DNP
Charles Schwab Challenge,6,Camilo Villegas,216,216,404,Valspar Championship,T11,Wells Fargo Championship,DNP,AT&T Byron Nelson,DNP,PGA Championship,DNP
Charles Schwab Challenge,6,Chase Seiffert,217,213,262,Valspar Championship,CUT,Wells Fargo Championship,CUT,AT&T Byron Nelson,DNP,PGA Championship,DNP
Charles Schwab Challenge,6,Patrick Rodgers,218,215,230,Valspar Championship,CUT,Wells Fargo Championship,T37,AT&T Byron Nelson,T47,PGA Championship,DNP
Charles Schwab Challenge,6,Adam Schenk,229,223,238,Valspar Championship,T18,Wells Fargo Championship,CUT,AT&T Byron Nelson,T34,PGA Championship,DNP
Charles Schwab Challenge,6,Brian Gay,230,232,202,Valspar Championship,CUT,Wells Fargo Championship,DNP,AT&T Byron Nelson,DNP,PGA Championship,81
Charles Schwab Challenge,6,Will Gordon,232,225,228,Valspar Championship,DNP,Wells Fargo Championship,CUT,AT&T Byron Nelson,CUT,PGA Championship,DNP
Charles Schwab Challenge,6,Pat Perez,234,229,209,Valspar Championship,T29,Wells Fargo Championship,T26,AT&T Byron Nelson,T39,PGA Championship,DNP
Charles Schwab Challenge,6,Joseph Bramlett,238,233,284,Valspar Championship,T63,Wells Fargo Championship,CUT,AT&T Byron Nelson,T7,PGA Championship,DNP
Charles Schwab Challenge,6,Peter Uihlein,239,238,493,Valspar Championship,T57,Wells Fargo Championship,DNP,AT&T Byron Nelson,CUT,PGA Championship,DNP
Charles Schwab Challenge,6,Brice Garnett,240,236,271,Valspar Championship,DNP,Wells Fargo Championship,CUT,AT&T Byron Nelson,T47,PGA Championship,DNP
Charles Schwab Challenge,6,Robby Shelton,242,237,175,Valspar Championship,CUT,Wells Fargo Championship,CUT,AT&T Byron Nelson,DNP,PGA Championship,DNP
Charles Schwab Challenge,6,Doug Ghim,244,242,387,Valspar Championship,CUT,Wells Fargo Championship,DNP,AT&T Byron Nelson,CUT,PGA Championship,DNP
Charles Schwab Challenge,6,Austin Cook,248,245,190,Valspar Championship,CUT,Wells Fargo Championship,CUT,AT&T Byron Nelson,T71,PGA Championship,DNP
Charles Schwab Challenge,6,Scott Brown,279,273,240,Valspar Championship,T39,Wells Fargo Championship,CUT,AT&T Byron Nelson,T34,PGA Championship,DNP
Charles Schwab Challenge,6,Tyler McCumber,282,278,278,Valspar Championship,DNP,Wells Fargo Championship,CUT,AT&T Byron Nelson,DNP,PGA Championship,DNP
Charles Schwab Challenge,6,Cameron Percy,311,309,335,Valspar Championship,CUT,Wells Fargo Championship,CUT,AT&T Byron Nelson,70,PGA Championship,DNP
Charles Schwab Challenge,6,Xinjun Zhang,335,330,181,Valspar Championship,CUT,Wells Fargo Championship,CUT,AT&T Byron Nelson,CUT,PGA Championship,DNP
Charles Schwab Challenge,6,Anirban Lahiri,345,348,435,Valspar Championship,DNP,Wells Fargo Championship,DNP,AT&T Byron Nelson,CUT,PGA Championship,DNP
Charles Schwab Challenge,6,Kramer Hickok,349,346,361,Valspar Championship,T57,Wells Fargo Championship,T51,AT&T Byron Nelson,CUT,PGA Championship,DNP
Charles Schwab Challenge,6,Vincent Whaley,352,353,454,Valspar Championship,T29,Wells Fargo Championship,T26,AT&T Byron Nelson,T26,PGA Championship,DNP
Charles Schwab Challenge,6,Michael Gligic,372,371,444,Valspar Championship,T29,Wells Fargo Championship,T58,AT&T Byron Nelson,T47,PGA Championship,DNP
Charles Schwab Challenge,6,Jason Dufner,417,409,351,Valspar Championship,T57,Wells Fargo Championship,T43,AT&T Byron Nelson,DNP,PGA Championship,CUT
Charles Schwab Challenge,6,Jimmy Walker,493,528,421,Valspar Championship,T29,Wells Fargo Championship,T72,AT&T Byron Nelson,CUT,PGA Championship,T64
Charles Schwab Challenge,6,Sahith Theegala,904,895,1214,Valspar Championship,DNP,Wells Fargo Championship,DNP,AT&T Byron Nelson,DNP,PGA Championship,DNP
Charles Schwab Challenge,6,Erik Compton,1025,1002,784,Valspar Championship,DNP,Wells Fargo Championship,DNP,AT&T Byron Nelson,DNP,PGA Championship,DNP
Charles Schwab Challenge,6,John Augenstein,1165,1162,1229,Valspar Championship,CUT,Wells Fargo Championship,DNP,AT&T Byron Nelson,DNP,PGA Championship,DNP
Charles Schwab Challenge,6,J.J. Henry,1677,1666,1321,Valspar Championship,DNP,Wells Fargo Championship,DNP,AT&T Byron Nelson,CUT,PGA Championship,DNP
Charles Schwab Challenge,6,Keith Clearwater,1857,1857,1894,Valspar Championship,DNP,Wells Fargo Championship,DNP,AT&T Byron Nelson,DNP,PGA Championship,DNP
Charles Schwab Challenge,6,D.A. Points,1857,1857,1894,Valspar Championship,CUT,Wells Fargo Championship,CUT,AT&T Byron Nelson,DNP,PGA Championship,DNP
Charles Schwab Challenge,6,Michael Visacki,1857,1857,1894,Valspar Championship,CUT,Wells Fargo Championship,DNP,AT&T Byron Nelson,DNP,PGA Championship,DNP
PGA Championship,1,Dustin Johnson,1,1,1,Zurich Classic of New Orleans,DNP,Valspar Championship,T48,Wells Fargo Championship,DNP,AT&T Byron Nelson,DNP
PGA Championship,1,Justin Thomas,2,2,3,Zurich Classic of New Orleans,DNP,Valspar Championship,T13,Wells Fargo Championship,T26,AT&T Byron Nelson,DNP
PGA Championship,1,Jon Rahm,3,3,2,Zurich Classic of New Orleans,7,Valspar Championship,DNP,Wells Fargo Championship,CUT,AT&T Byron Nelson,T34
PGA Championship,1,Xander Schauffele,4,5,8,Zurich Classic of New Orleans,T11,Valspar Championship,DNP,Wells Fargo Championship,T14,AT&T Byron Nelson,DNP
PGA Championship,1,Bryson DeChambeau,5,4,5,Zurich Classic of New Orleans,DNP,Valspar Championship,DNP,Wells Fargo Championship,T9,AT&T Byron Nelson,T55
PGA Championship,1,Collin Morikawa,6,6,7,Zurich Classic of New Orleans,CUT,Valspar Championship,DNP,Wells Fargo Championship,DNP,AT&T Byron Nelson,DNP
PGA Championship,1,Rory McIlroy,7,7,4,Zurich Classic of New Orleans,DNP,Valspar Championship,DNP,Wells Fargo Championship,1,AT&T Byron Nelson,DNP
PGA Championship,1,Patrick Reed,8,8,11,Zurich Classic of New Orleans,DNP,Valspar Championship,CUT,Wells Fargo Championship,T6,AT&T Byron Nelson,DNP
PGA Championship,1,Tyrrell Hatton,9,9,10,Zurich Classic of New Orleans,T8,Valspar Championship,DNP,Wells Fargo Championship,DNP,AT&T Byron Nelson,DNP
PGA Championship,1,Webb Simpson,10,10,6,Zurich Classic of New Orleans,DNP,Valspar Championship,DNP,Wells Fargo Championship,DNP,AT&T Byron Nelson,DNP
PGA Championship,2,Viktor Hovland,11,11,14,Zurich Classic of New Orleans,T25,Valspar Championship,T3,Wells Fargo Championship,T3,AT&T Byron Nelson,DNP
PGA Championship,2,Patrick Cantlay,12,13,9,Zurich Classic of New Orleans,T11,Valspar Championship,DNP,Wells Fargo Championship,CUT,AT&T Byron Nelson,DNP
PGA Championship,2,Brooks Koepka,13,12,12,Zurich Classic of New Orleans,DNP,Valspar Championship,DNP,Wells Fargo Championship,DNP,AT&T Byron Nelson,CUT
PGA Championship,2,Tony Finau,14,14,19,Zurich Classic of New Orleans,T17,Valspar Championship,DNP,Wells Fargo Championship,CUT,AT&T Byron Nelson,DNP
PGA Championship,2,Hideki Matsuyama,15,15,20,Zurich Classic of New Orleans,DNP,Valspar Championship,DNP,Wells Fargo Championship,DNP,AT&T Byron Nelson,T39
PGA Championship,2,Daniel Berger,16,16,13,Zurich Classic of New Orleans,DNP,Valspar Championship,DNP,Wells Fargo Championship,DNP,AT&T Byron Nelson,T3
PGA Championship,2,Matt Fitzpatrick,17,17,16,Zurich Classic of New Orleans,DNP,Valspar Championship,DNP,Wells Fargo Championship,DNP,AT&T Byron Nelson,CUT
PGA Championship,2,Billy Horschel,18,18,42,Zurich Classic of New Orleans,T4,Valspar Championship,DNP,Wells Fargo Championship,DNP,AT&T Byron Nelson,DNP
PGA Championship,2,Abraham Ancer,19,19,23,Zurich Classic of New Orleans,DNP,Valspar Championship,5,Wells Fargo Championship,2,AT&T Byron Nelson,DNP
PGA Championship,2,Paul Casey,20,20,24,Zurich Classic of New Orleans,DNP,Valspar Championship,T21,Wells Fargo Championship,DNP,AT&T Byron Nelson,DNP
PGA Championship,3,Lee Westwood,21,23,36,Zurich Classic of New Orleans,DNP,Valspar Championship,DNP,Wells Fargo Championship,DNP,AT&T Byron Nelson,T21
PGA Championship,3,Harris English,22,24,28,Zurich Classic of New Orleans,DNP,Valspar Championship,DNP,Wells Fargo Championship,T43,AT&T Byron Nelson,T13
PGA Championship,3,Sungjae Im,23,21,18,Zurich Classic of New Orleans,CUT,Valspar Championship,T29,Wells Fargo Championship,CUT,AT&T Byron Nelson,DNP
PGA Championship,3,Scottie Scheffler,24,22,31,Zurich Classic of New Orleans,T8,Valspar Championship,T29,Wells Fargo Championship,DNP,AT&T Byron Nelson,T47
PGA Championship,3,Cameron Smith,25,25,27,Zurich Classic of New Orleans,1,Valspar Championship,DNP,Wells Fargo Championship,DNP,AT&T Byron Nelson,DNP
PGA Championship,3,Jordan Spieth,26,28,82,Zurich Classic of New Orleans,DNP,Valspar Championship,DNP,Wells Fargo Championship,DNP,AT&T Byron Nelson,T9
PGA Championship,3,Tommy Fleetwood,28,26,17,Zurich Classic of New Orleans,DNP,Valspar Championship,DNP,Wells Fargo Championship,T14,AT&T Byron Nelson,DNP
PGA Championship,3,Joaquin Niemann,29,29,45,Zurich Classic of New Orleans,DNP,Valspar Championship,T8,Wells Fargo Championship,T18,AT&T Byron Nelson,DNP
PGA Championship,3,Will Zalatoris,30,30,59,Zurich Classic of New Orleans,DNP,Valspar Championship,DNP,Wells Fargo Championship,CUT,AT&T Byron Nelson,T17
PGA Championship,3,Louis Oosthuizen,31,32,22,Zurich Classic of New Orleans,2,Valspar Championship,T8,Wells Fargo Championship,DNP,AT&T Byron Nelson,DNP
PGA Championship,4,Ryan Palmer,32,31,30,Zurich Classic of New Orleans,7,Valspar Championship,T63,Wells Fargo Championship,DNP,AT&T Byron Nelson,T47
PGA Championship,4,Victor Perez,33,33,32,Zurich Classic of New Orleans,DNP,Valspar Championship,DNP,Wells Fargo Championship,DNP,AT&T Byron Nelson,DNP
PGA Championship,4,Kevin Na,34,35,38,Zurich Classic of New Orleans,DNP,Valspar Championship,T29,Wells Fargo Championship,DNP,AT&T Byron Nelson,DNP
PGA Championship,4,Jason Kokrak,35,34,26,Zurich Classic of New Orleans,T21,Valspar Championship,T13,Wells Fargo Championship,DNP,AT&T Byron Nelson,DNP
PGA Championship,4,Sam Burns,36,44,154,Zurich Classic of New Orleans,T4,Valspar Championship,1,Wells Fargo Championship,DNP,AT&T Byron Nelson,2
PGA Championship,4,Marc Leishman,37,38,29,Zurich Classic of New Orleans,1,Valspar Championship,DNP,Wells Fargo Championship,DNP,AT&T Byron Nelson,T21
PGA Championship,4,Adam Scott,38,36,21,Zurich Classic of New Orleans,DNP,Valspar Championship,DNP,Wells Fargo Championship,DNP,AT&T Byron Nelson,DNP
PGA Championship,4,Corey Conners,39,37,54,Zurich Classic of New Orleans,DNP,Valspar Championship,T21,Wells Fargo Championship,T43,AT&T Byron Nelson,DNP
PGA Championship,4,Max Homa,40,39,100,Zurich Classic of New Orleans,T17,Valspar Championship,T6,Wells Fargo Championship,CUT,AT&T Byron Nelson,DNP
PGA Championship,4,Christiaan Bezuidenhout,41,40,34,Zurich Classic of New Orleans,DNP,Valspar Championship,DNP,Wells Fargo Championship,DNP,AT&T Byron Nelson,DNP
PGA Championship,5,Justin Rose,42,41,35,Zurich Classic of New Orleans,T11,Valspar Championship,CUT,Wells Fargo Championship,DNP,AT&T Byron Nelson,DNP
PGA Championship,5,Stewart Cink,43,42,138,Zurich Classic of New Orleans,DNP,Valspar Championship,DNP,Wells Fargo Championship,T37,AT&T Byron Nelson,DNP
PGA Championship,5,Kevin Kisner,44,43,25,Zurich Classic of New Orleans,CUT,Valspar Championship,CUT,Wells Fargo Championship,DNP,AT&T Byron Nelson,DNP
PGA Championship,5,Robert MacIntyre,45,45,55,Zurich Classic of New Orleans,DNP,Valspar Championship,DNP,Wells Fargo Championship,DNP,AT&T Byron Nelson,DNP
PGA Championship,5,Sergio Garcia,46,46,46,Zurich Classic of New Orleans,DNP,Valspar Championship,DNP,Wells Fargo Championship,DNP,AT&T Byron Nelson,CUT
PGA Championship,5,Brian Harman,47,48,91,Zurich Classic of New Orleans,DNP,Valspar Championship,DNP,Wells Fargo Championship,T18,AT&T Byron Nelson,DNP
PGA Championship,5,Shane Lowry,48,47,33,Zurich Classic of New Orleans,DNP,Valspar Championship,DNP,Wells Fargo Championship,T65,AT&T Byron Nelson,DNP
PGA Championship,5,Matt Kuchar,49,49,37,Zurich Classic of New Orleans,DNP,Valspar Championship,DNP,Wells Fargo Championship,DNP,AT&T Byron Nelson,T17
PGA Championship,5,Si Woo Kim,50,50,95,Zurich Classic of New Orleans,DNP,Valspar Championship,DNP,Wells Fargo Championship,DNP,AT&T Byron Nelson,T55
PGA Championship,5,Garrick Higgo,51,51,90,Zurich Classic of New Orleans,DNP,Valspar Championship,DNP,Wells Fargo Championship,DNP,AT&T Byron Nelson,DNP
PGA Championship,6,Matt Wallace,52,52,50,Zurich Classic of New Orleans,T23,Valspar Championship,DNP,Wells Fargo Championship,T6,AT&T Byron Nelson,DNP
PGA Championship,6,Gary Woodland,53,53,39,Zurich Classic of New Orleans,DNP,Valspar Championship,CUT,Wells Fargo Championship,5,AT&T Byron Nelson,DNP
PGA Championship,6,Carlos Ortiz,54,54,61,Zurich Classic of New Orleans,DNP,Valspar Championship,DNP,Wells Fargo Championship,T65,AT&T Byron Nelson,T21
PGA Championship,6,Bubba Watson,55,55,44,Zurich Classic of New Orleans,T8,Valspar Championship,T13,Wells Fargo Championship,T18,AT&T Byron Nelson,DNP
PGA Championship,6,Matt Jones,56,56,113,Zurich Classic of New Orleans,CUT,Valspar Championship,DNP,Wells Fargo Championship,T37,AT&T Byron Nelson,DNP
PGA Championship,6,Russell Henley,57,57,57,Zurich Classic of New Orleans,DNP,Valspar Championship,CUT,Wells Fargo Championship,T72,AT&T Byron Nelson,DNP
PGA Championship,6,Mackenzie Hughes,58,58,49,Zurich Classic of New Orleans,DNP,Valspar Championship,CUT,Wells Fargo Championship,CUT,AT&T Byron Nelson,DNP
PGA Championship,6,K.H. Lee,59,137,272,Zurich Classic of New Orleans,T23,Valspar Championship,T29,Wells Fargo Championship,T58,AT&T Byron Nelson,1
PGA Championship,6,Brendon Todd,60,59,47,Zurich Classic of New Orleans,27,Valspar Championship,DNP,Wells Fargo Championship,DNP,AT&T Byron Nelson,DNP
PGA Championship,6,Lanto Griffin,61,61,63,Zurich Classic of New Orleans,CUT,Valspar Championship,CUT,Wells Fargo Championship,T26,AT&T Byron Nelson,DNP
PGA Championship,6,Bernd Wiesberger,62,60,40,Zurich Classic of New Orleans,DNP,Valspar Championship,DNP,Wells Fargo Championship,DNP,AT&T Byron Nelson,DNP
PGA Championship,6,Chris Kirk,63,64,265,Zurich Classic of New Orleans,27,Valspar Championship,CUT,Wells Fargo Championship,DNP,AT&T Byron Nelson,DNP
PGA Championship,6,Kevin Streelman,64,63,52,Zurich Classic of New Orleans,CUT,Valspar Championship,CUT,Wells Fargo Championship,T26,AT&T Byron Nelson,DNP
PGA Championship,6,Jason Day,65,62,43,Zurich Classic of New Orleans,DNP,Valspar Championship,DNP,Wells Fargo Championship,CUT,AT&T Byron Nelson,CUT
PGA Championship,6,Cameron Tringale,66,67,103,Zurich Classic of New Orleans,CUT,Valspar Championship,T3,Wells Fargo Championship,CUT,AT&T Byron Nelson,DNP
PGA Championship,6,Ian Poulter,67,65,48,Zurich Classic of New Orleans,DNP,Valspar Championship,T21,Wells Fargo Championship,CUT,AT&T Byron Nelson,DNP
PGA Championship,6,Joel Dahmen,68,66,64,Zurich Classic of New Orleans,CUT,Valspar Championship,DNP,Wells Fargo Championship,T18,AT&T Byron Nelson,DNP
PGA Championship,6,Rikuya Hoshino,69,100,114,Zurich Classic of New Orleans,DNP,Valspar Championship,DNP,Wells Fargo Championship,DNP,AT&T Byron Nelson,DNP
PGA Championship,6,Andy Sullivan,70,72,58,Zurich Classic of New Orleans,DNP,Valspar Championship,DNP,Wells Fargo Championship,DNP,AT&T Byron Nelson,DNP
PGA Championship,6,Sebastián Muñoz,71,68,60,Zurich Classic of New Orleans,DNP,Valspar Championship,DNP,Wells Fargo Championship,CUT,AT&T Byron Nelson,T55
PGA Championship,6,Talor Gooch,72,73,81,Zurich Classic of New Orleans,T17,Valspar Championship,CUT,Wells Fargo Championship,T26,AT&T Byron Nelson,T39
PGA Championship,6,Keegan Bradley,73,69,131,Zurich Classic of New Orleans,T4,Valspar Championship,2,Wells Fargo Championship,T18,AT&T Byron Nelson,DNP
PGA Championship,6,Antoine Rozner,74,70,120,Zurich Classic of New Orleans,DNP,Valspar Championship,DNP,Wells Fargo Championship,DNP,AT&T Byron Nelson,CUT
PGA Championship,6,Charley Hoffman,75,71,144,Zurich Classic of New Orleans,T11,Valspar Championship,T18,Wells Fargo Championship,DNP,AT&T Byron Nelson,DNP
PGA Championship,6,Emiliano Grillo,76,74,156,Zurich Classic of New Orleans,DNP,Valspar Championship,CUT,Wells Fargo Championship,T14,AT&T Byron Nelson,DNP
PGA Championship,6,Takumi Kanaya,77,76,123,Zurich Classic of New Orleans,DNP,Valspar Championship,DNP,Wells Fargo Championship,DNP,AT&T Byron Nelson,DNP
PGA Championship,6,Erik van Rooyen,78,75,51,Zurich Classic of New Orleans,T17,Valspar Championship,CUT,Wells Fargo Championship,CUT,AT&T Byron Nelson,CUT
PGA Championship,6,Daniel van Tonder,79,77,152,Zurich Classic of New Orleans,DNP,Valspar Championship,DNP,Wells Fargo Championship,DNP,AT&T Byron Nelson,DNP
PGA Championship,6,John Catlin,80,78,99,Zurich Classic of New Orleans,DNP,Valspar Championship,DNP,Wells Fargo Championship,DNP,AT&T Byron Nelson,CUT
PGA Championship,6,Dylan Frittelli,81,79,68,Zurich Classic of New Orleans,CUT,Valspar Championship,DNP,Wells Fargo Championship,DNP,AT&T Byron Nelson,DNP
PGA Championship,6,Brendan Steele,82,81,122,Zurich Classic of New Orleans,T4,Valspar Championship,DNP,Wells Fargo Championship,T70,AT&T Byron Nelson,DNP
PGA Championship,6,Chan Kim,83,80,74,Zurich Classic of New Orleans,DNP,Valspar Championship,DNP,Wells Fargo Championship,DNP,AT&T Byron Nelson,DNP
PGA Championship,6,Harold Varner III,84,82,130,Zurich Classic of New Orleans,CUT,Valspar Championship,DNP,Wells Fargo Championship,CUT,AT&T Byron Nelson,DNP
PGA Championship,6,Adam Long,85,83,62,Zurich Classic of New Orleans,DNP,Valspar Championship,CUT,Wells Fargo Championship,CUT,AT&T Byron Nelson,DNP
PGA Championship,6,Sam Horsfield,86,86,101,Zurich Classic of New Orleans,DNP,Valspar Championship,CUT,Wells Fargo Championship,DNP,AT&T Byron Nelson,DNP
PGA Championship,6,Brandon Stone,87,85,199,Zurich Classic of New Orleans,DNP,Valspar Championship,DNP,Wells Fargo Championship,DNP,AT&T Byron Nelson,DNP
PGA Championship,6,J.T. Poston,88,84,72,Zurich Classic of New Orleans,DNP,Valspar Championship,T54,Wells Fargo Championship,T26,AT&T Byron Nelson,DNP
PGA Championship,6,Dean Burmester,89,93,182,Zurich Classic of New Orleans,DNP,Valspar Championship,DNP,Wells Fargo Championship,DNP,AT&T Byron Nelson,DNP
PGA Championship,6,Aaron Rai,90,89,77,Zurich Classic of New Orleans,DNP,Valspar Championship,DNP,Wells Fargo Championship,DNP,AT&T Byron Nelson,DNP
PGA Championship,6,Danny Willett,91,92,67,Zurich Classic of New Orleans,T8,Valspar Championship,CUT,Wells Fargo Championship,DNP,AT&T Byron Nelson,DNP
PGA Championship,6,Branden Grace,92,91,126,Zurich Classic of New Orleans,CUT,Valspar Championship,T54,Wells Fargo Championship,DNP,AT&T Byron Nelson,DNP
PGA Championship,6,Martin Kaymer,93,87,79,Zurich Classic of New Orleans,DNP,Valspar Championship,DNP,Wells Fargo Championship,DNP,AT&T Byron Nelson,DNP
PGA Championship,6,Thomas Pieters,94,88,84,Zurich Classic of New Orleans,T8,Valspar Championship,DNP,Wells Fargo Championship,DNP,AT&T Byron Nelson,CUT
PGA Championship,6,Cameron Champ,95,89,71,Zurich Classic of New Orleans,T17,Valspar Championship,DNP,Wells Fargo Championship,DNP,AT&T Byron Nelson,T55
PGA Championship,6,George Coetzee,96,98,92,Zurich Classic of New Orleans,DNP,Valspar Championship,DNP,Wells Fargo Championship,DNP,AT&T Byron Nelson,DNP
PGA Championship,6,Lucas Herbert,97,94,70,Zurich Classic of New Orleans,DNP,Valspar Championship,DNP,Wells Fargo Championship,CUT,AT&T Byron Nelson,DNP
PGA Championship,6,Thomas Detry,98,96,83,Zurich Classic of New Orleans,DNP,Valspar Championship,DNP,Wells Fargo Championship,DNP,AT&T Byron Nelson,DNP
PGA Championship,6,Alex Noren,99,102,94,Zurich Classic of New Orleans,T21,Valspar Championship,T21,Wells Fargo Championship,DNP,AT&T Byron Nelson,T21
PGA Championship,6,Sami Valimaki,100,99,69,Zurich Classic of New Orleans,DNP,Valspar Championship,DNP,Wells Fargo Championship,DNP,AT&T Byron Nelson,DNP
PGA Championship,6,Martin Laird,101,95,85,Zurich Classic of New Orleans,CUT,Valspar Championship,CUT,Wells Fargo Championship,DNP,AT&T Byron Nelson,T61
PGA Championship,6,Rasmus Hojgaard,102,101,87,Zurich Classic of New Orleans,CUT,Valspar Championship,CUT,Wells Fargo Championship,DNP,AT&T Byron Nelson,DNP
PGA Championship,6,Maverick McNealy,104,105,166,Zurich Classic of New Orleans,CUT,Valspar Championship,DNP,Wells Fargo Championship,CUT,AT&T Byron Nelson,DNP
PGA Championship,6,Kurt Kitayama,106,103,133,Zurich Classic of New Orleans,DNP,Valspar Championship,DNP,Wells Fargo Championship,DNP,AT&T Byron Nelson,DNP
PGA Championship,6,Adam Hadwin,107,104,78,Zurich Classic of New Orleans,DNP,Valspar Championship,CUT,Wells Fargo Championship,CUT,AT&T Byron Nelson,DNP
PGA Championship,6,Charl Schwartzel,109,157,206,Zurich Classic of New Orleans,2,Valspar Championship,T21,Wells Fargo Championship,T14,AT&T Byron Nelson,T3
PGA Championship,6,Jazz Janewattananond,111,114,88,Zurich Classic of New Orleans,DNP,Valspar Championship,DNP,Wells Fargo Championship,DNP,AT&T Byron Nelson,DNP
PGA Championship,6,Kalle Samooja,112,109,162,Zurich Classic of New Orleans,DNP,Valspar Championship,DNP,Wells Fargo Championship,DNP,AT&T Byron Nelson,DNP
PGA Championship,6,Tom Hoge,113,108,106,Zurich Classic of New Orleans,CUT,Valspar Championship,CUT,Wells Fargo Championship,CUT,AT&T Byron Nelson,CUT
PGA Championship,6,Richy Werenski,114,110,150,Zurich Classic of New Orleans,3,Valspar Championship,CUT,Wells Fargo Championship,T37,AT&T Byron Nelson,DNP
PGA Championship,6,Phil Mickelson,115,116,66,Zurich Classic of New Orleans,DNP,Valspar Championship,CUT,Wells Fargo Championship,69,AT&T Byron Nelson,DNP
PGA Championship,6,Tom Lewis,116,112,73,Zurich Classic of New Orleans,T8,Valspar Championship,T48,Wells Fargo Championship,CUT,AT&T Byron Nelson,CUT
PGA Championship,6,Chez Reavie,117,111,56,Zurich Classic of New Orleans,CUT,Valspar Championship,CUT,Wells Fargo Championship,CUT,AT&T Byron Nelson,DNP
PGA Championship,6,Jason Scrivener,118,115,219,Zurich Classic of New Orleans,DNP,Valspar Championship,DNP,Wells Fargo Championship,DNP,AT&T Byron Nelson,DNP
PGA Championship,6,Byeong Hun An,119,117,75,Zurich Classic of New Orleans,CUT,Valspar Championship,67,Wells Fargo Championship,CUT,AT&T Byron Nelson,DNP
PGA Championship,6,Zach Johnson,121,120,97,Zurich Classic of New Orleans,DNP,Valspar Championship,T29,Wells Fargo Championship,T51,AT&T Byron Nelson,DNP
PGA Championship,6,Robert Streb,125,123,115,Zurich Classic of New Orleans,CUT,Valspar Championship,DNP,Wells Fargo Championship,CUT,AT&T Byron Nelson,DNP
PGA Championship,6,Cameron Davis,127,125,229,Zurich Classic of New Orleans,DNP,Valspar Championship,CUT,Wells Fargo Championship,T26,AT&T Byron Nelson,DNP
PGA Championship,6,Rickie Fowler,128,122,53,Zurich Classic of New Orleans,DNP,Valspar Championship,DNP,Wells Fargo Championship,CUT,AT&T Byron Nelson,CUT
PGA Championship,6,Henrik Stenson,130,129,65,Zurich Classic of New Orleans,T11,Valspar Championship,T63,Wells Fargo Championship,DNP,AT&T Byron Nelson,DNP
PGA Championship,6,Aaron Wise,136,130,125,Zurich Classic of New Orleans,DNP,Valspar Championship,DNP,Wells Fargo Championship,T9,AT&T Byron Nelson,T55
PGA Championship,6,Jim Herman,143,140,96,Zurich Classic of New Orleans,DNP,Valspar Championship,CUT,Wells Fargo Championship,DNP,AT&T Byron Nelson,DNP
PGA Championship,6,Francesco Molinari,144,133,112,Zurich Classic of New Orleans,DNP,Valspar Championship,DNP,Wells Fargo Championship,CUT,AT&T Byron Nelson,DNP
PGA Championship,6,Wyndham Clark,150,149,147,Zurich Classic of New Orleans,T17,Valspar Championship,T60,Wells Fargo Championship,T43,AT&T Byron Nelson,T39
PGA Championship,6,Harry Higgs,154,148,121,Zurich Classic of New Orleans,CUT,Valspar Championship,DNP,Wells Fargo Championship,CUT,AT&T Byron Nelson,CUT
PGA Championship,6,Denny McCarthy,163,158,200,Zurich Classic of New Orleans,DNP,Valspar Championship,T39,Wells Fargo Championship,CUT,AT&T Byron Nelson,DNP
PGA Championship,6,Peter Malnati,174,165,168,Zurich Classic of New Orleans,31,Valspar Championship,CUT,Wells Fargo Championship,T43,AT&T Byron Nelson,DNP
PGA Championship,6,Hudson Swafford,194,189,194,Zurich Classic of New Orleans,DNP,Valspar Championship,CUT,Wells Fargo Championship,DNP,AT&T Byron Nelson,CUT
PGA Championship,6,Brian Gay,232,224,202,Zurich Classic of New Orleans,DNP,Valspar Championship,CUT,Wells Fargo Championship,DNP,AT&T Byron Nelson,DNP
PGA Championship,6,Steve Stricker,240,233,469,Zurich Classic of New Orleans,DNP,Valspar Championship,DNP,Wells Fargo Championship,DNP,AT&T Byron Nelson,DNP
PGA Championship,6,Padraig Harrington,257,253,304,Zurich Classic of New Orleans,DNP,Valspar Championship,DNP,Wells Fargo Championship,DNP,AT&T Byron Nelson,CUT
PGA Championship,6,Jason Dufner,409,401,351,Zurich Classic of New Orleans,CUT,Valspar Championship,T57,Wells Fargo Championship,T43,AT&T Byron Nelson,DNP
PGA Championship,6,Jimmy Walker,528,510,421,Zurich Classic of New Orleans,DNP,Valspar Championship,T29,Wells Fargo Championship,T72,AT&T Byron Nelson,CUT
PGA Championship,6,Y.E. Yang,672,661,568,Zurich Classic of New Orleans,DNP,Valspar Championship,DNP,Wells Fargo Championship,DNP,AT&T Byron Nelson,DNP
PGA Championship,6,Ben Cook,1174,1180,1894,Zurich Classic of New Orleans,DNP,Valspar Championship,DNP,Wells Fargo Championship,DNP,AT&T Byron Nelson,DNP
PGA Championship,6,Rich Beem,1770,1765,1709,Zurich Classic of New Orleans,DNP,Valspar Championship,DNP,Wells Fargo Championship,DNP,AT&T Byron Nelson,DNP
PGA Championship,6,Rob Labritz,1770,1765,1709,Zurich Classic of New Orleans,DNP,Valspar Championship,DNP,Wells Fargo Championship,DNP,AT&T Byron Nelson,DNP
PGA Championship,6,Daniel Balin,1857,1855,1894,Zurich Classic of New Orleans,DNP,Valspar Championship,DNP,Wells Fargo Championship,DNP,AT&T Byron Nelson,DNP
PGA Championship,6,Alex Beach,1857,1855,1894,Zurich Classic of New Orleans,DNP,Valspar Championship,DNP,Wells Fargo Championship,DNP,AT&T Byron Nelson,DNP
PGA Championship,6,Tyler Collet,1857,1855,9999,Zurich Classic of New Orleans,DNP,Valspar Championship,DNP,Wells Fargo Championship,DNP,AT&T Byron Nelson,DNP
PGA Championship,6,John Daly,1857,1855,1894,Zurich Classic of New Orleans,DNP,Valspar Championship,DNP,Wells Fargo Championship,DNP,AT&T Byron Nelson,DNP
PGA Championship,6,Shaun Micheel,1857,1855,1894,Zurich Classic of New Orleans,DNP,Valspar Championship,DNP,Wells Fargo Championship,DNP,AT&T Byron Nelson,DNP
PGA Championship,6,Ben Polland,1857,1855,1811,Zurich Classic of New Orleans,DNP,Valspar Championship,DNP,Wells Fargo Championship,DNP,AT&T Byron Nelson,DNP
PGA Championship,6,Stuart L. Smith,1857,1855,1894,Zurich Classic of New Orleans,DNP,Valspar Championship,DNP,Wells Fargo Championship,DNP,AT&T Byron Nelson,DNP
PGA Championship,6,Omar Uresti,1857,1855,1894,Zurich Classic of New Orleans,DNP,Valspar Championship,DNP,Wells Fargo Championship,DNP,AT&T Byron Nelson,DNP
PGA Championship,6,Pete Ballo,9999,9999,9999,Zurich Classic of New Orleans,DNP,Valspar Championship,DNP,Wells Fargo Championship,DNP,AT&T Byron Nelson,DNP
PGA Championship,6,"Frank Bensel, Jr.",9999,9999,9999,Zurich Classic of New Orleans,DNP,Valspar Championship,DNP,Wells Fargo Championship,DNP,AT&T Byron Nelson,DNP
PGA Championship,6,Mark Geddes,9999,9999,9999,Zurich Classic of New Orleans,DNP,Valspar Championship,DNP,Wells Fargo Championship,DNP,AT&T Byron Nelson,DNP
PGA Championship,6,Larkin Gross,9999,9999,9999,Zurich Classic of New Orleans,DNP,Valspar Championship,DNP,Wells Fargo Championship,DNP,AT&T Byron Nelson,DNP
PGA Championship,6,Derek Holmes,9999,9999,9999,Zurich Classic of New Orleans,DNP,Valspar Championship,DNP,Wells Fargo Championship,DNP,AT&T Byron Nelson,DNP
PGA Championship,6,Greg Koch,9999,9999,9999,Zurich Classic of New Orleans,DNP,Valspar Championship,DNP,Wells Fargo Championship,DNP,AT&T Byron Nelson,DNP
PGA Championship,6,Brad Marek,9999,9999,9999,Zurich Classic of New Orleans,DNP,Valspar Championship,DNP,Wells Fargo Championship,DNP,AT&T Byron Nelson,DNP
PGA Championship,6,Tim Pearce,9999,9999,9999,Zurich Classic of New Orleans,DNP,Valspar Championship,DNP,Wells Fargo Championship,DNP,AT&T Byron Nelson,DNP
PGA Championship,6,Patrick Rada,9999,9999,9999,Zurich Classic of New Orleans,DNP,Valspar Championship,DNP,Wells Fargo Championship,DNP,AT&T Byron Nelson,DNP
PGA Championship,6,Sonny Skinner,9999,9999,9999,Zurich Classic of New Orleans,DNP,Valspar Championship,DNP,Wells Fargo Championship,DNP,AT&T Byron Nelson,DNP
PGA Championship,6,Joe Summerhays,9999,9999,9999,Zurich Classic of New Orleans,DNP,Valspar Championship,DNP,Wells Fargo Championship,DNP,AT&T Byron Nelson,DNP
PGA Championship,6,Brett Walker,9999,9999,9999,Zurich Classic of New Orleans,DNP,Valspar Championship,DNP,Wells Fargo Championship,DNP,AT&T Byron Nelson,DNP
AT&T Byron Nelson,1,Jon Rahm,3,3,2,RBC Heritage,DNP,Zurich Classic of New Orleans,7,Valspar Championship,DNP,Wells Fargo Championship,CUT
AT&T Byron Nelson,1,Bryson DeChambeau,4,5,5,RBC Heritage,DNP,Zurich Classic of New Orleans,DNP,Valspar Championship,DNP,Wells Fargo Championship,T9
AT&T Byron Nelson,1,Brooks Koepka,12,10,12,RBC Heritage,DNP,Zurich Classic of New Orleans,DNP,Valspar Championship,DNP,Wells Fargo Championship,DNP
AT&T Byron Nelson,1,Hideki Matsuyama,15,14,20,RBC Heritage,DNP,Zurich Classic of New Orleans,DNP,Valspar Championship,DNP,Wells Fargo Championship,DNP
AT&T Byron Nelson,1,Daniel Berger,16,16,13,RBC Heritage,T13,Zurich Classic of New Orleans,DNP,Valspar Championship,DNP,Wells Fargo Championship,DNP
AT&T Byron Nelson,1,Matt Fitzpatrick,17,17,16,RBC Heritage,T4,Zurich Classic of New Orleans,DNP,Valspar Championship,DNP,Wells Fargo Championship,DNP
AT&T Byron Nelson,1,Scottie Scheffler,22,21,31,RBC Heritage,DNP,Zurich Classic of New Orleans,T8,Valspar Championship,T29,Wells Fargo Championship,DNP
AT&T Byron Nelson,1,Lee Westwood,23,22,36,RBC Heritage,63,Zurich Classic of New Orleans,DNP,Valspar Championship,DNP,Wells Fargo Championship,DNP
AT&T Byron Nelson,1,Harris English,24,23,28,RBC Heritage,CUT,Zurich Classic of New Orleans,DNP,Valspar Championship,DNP,Wells Fargo Championship,T43
AT&T Byron Nelson,1,Jordan Spieth,28,31,82,RBC Heritage,DNP,Zurich Classic of New Orleans,DNP,Valspar Championship,DNP,Wells Fargo Championship,DNP
AT&T Byron Nelson,2,Will Zalatoris,30,28,59,RBC Heritage,T42,Zurich Classic of New Orleans,DNP,Valspar Championship,DNP,Wells Fargo Championship,CUT
AT&T Byron Nelson,2,Ryan Palmer,31,29,30,RBC Heritage,DNP,Zurich Classic of New Orleans,7,Valspar Championship,T63,Wells Fargo Championship,DNP
AT&T Byron Nelson,2,Marc Leishman,38,38,29,RBC Heritage,DNP,Zurich Classic of New Orleans,1,Valspar Championship,DNP,Wells Fargo Championship,DNP
AT&T Byron Nelson,2,Sam Burns,44,44,154,RBC Heritage,T39,Zurich Classic of New Orleans,T4,Valspar Championship,1,Wells Fargo Championship,DNP
AT&T Byron Nelson,2,Sergio Garcia,46,47,46,RBC Heritage,CUT,Zurich Classic of New Orleans,DNP,Valspar Championship,DNP,Wells Fargo Championship,DNP
AT&T Byron Nelson,2,Matt Kuchar,49,49,37,RBC Heritage,T18,Zurich Classic of New Orleans,DNP,Valspar Championship,DNP,Wells Fargo Championship,DNP
AT&T Byron Nelson,2,Si Woo Kim,50,50,95,RBC Heritage,T33,Zurich Classic of New Orleans,DNP,Valspar Championship,DNP,Wells Fargo Championship,DNP
AT&T Byron Nelson,2,Carlos Ortiz,54,51,61,RBC Heritage,CUT,Zurich Classic of New Orleans,DNP,Valspar Championship,DNP,Wells Fargo Championship,T65
AT&T Byron Nelson,2,Jason Day,62,59,43,RBC Heritage,DNP,Zurich Classic of New Orleans,DNP,Valspar Championship,DNP,Wells Fargo Championship,CUT
AT&T Byron Nelson,2,Sebastián Muñoz,68,67,60,RBC Heritage,CUT,Zurich Classic of New Orleans,DNP,Valspar Championship,DNP,Wells Fargo Championship,CUT
AT&T Byron Nelson,3,Antoine Rozner,70,70,120,RBC Heritage,DNP,Zurich Classic of New Orleans,DNP,Valspar Championship,DNP,Wells Fargo Championship,DNP
AT&T Byron Nelson,3,Talor Gooch,73,73,81,RBC Heritage,DNP,Zurich Classic of New Orleans,T17,Valspar Championship,CUT,Wells Fargo Championship,T26
AT&T Byron Nelson,3,Erik van Rooyen,75,72,51,RBC Heritage,DNP,Zurich Classic of New Orleans,T17,Valspar Championship,CUT,Wells Fargo Championship,CUT
AT&T Byron Nelson,3,John Catlin,78,76,99,RBC Heritage,DNP,Zurich Classic of New Orleans,DNP,Valspar Championship,DNP,Wells Fargo Championship,DNP
AT&T Byron Nelson,3,Thomas Pieters,88,88,84,RBC Heritage,DNP,Zurich Classic of New Orleans,T8,Valspar Championship,DNP,Wells Fargo Championship,DNP
AT&T Byron Nelson,3,Cameron Champ,89,92,71,RBC Heritage,DNP,Zurich Classic of New Orleans,T17,Valspar Championship,DNP,Wells Fargo Championship,DNP
AT&T Byron Nelson,3,Martin Laird,95,96,85,RBC Heritage,DNP,Zurich Classic of New Orleans,CUT,Valspar Championship,CUT,Wells Fargo Championship,DNP
AT&T Byron Nelson,3,Alex Noren,102,101,94,RBC Heritage,T25,Zurich Classic of New Orleans,T21,Valspar Championship,T21,Wells Fargo Championship,DNP
AT&T Byron Nelson,3,Tom Hoge,108,108,106,RBC Heritage,T25,Zurich Classic of New Orleans,CUT,Valspar Championship,CUT,Wells Fargo Championship,CUT
AT&T Byron Nelson,3,Tom Lewis,112,110,73,RBC Heritage,T25,Zurich Classic of New Orleans,T8,Valspar Championship,T48,Wells Fargo Championship,CUT
AT&T Byron Nelson,4,Rickie Fowler,122,116,53,RBC Heritage,DNP,Zurich Classic of New Orleans,DNP,Valspar Championship,DNP,Wells Fargo Championship,CUT
AT&T Byron Nelson,4,Brandt Snedeker,127,125,98,RBC Heritage,T42,Zurich Classic of New Orleans,T4,Valspar Championship,T11,Wells Fargo Championship,DNP
AT&T Byron Nelson,4,Charles Howell III,128,126,111,RBC Heritage,T18,Zurich Classic of New Orleans,DNP,Valspar Championship,T39,Wells Fargo Championship,DNP
AT&T Byron Nelson,4,Aaron Wise,130,154,125,RBC Heritage,CUT,Zurich Classic of New Orleans,DNP,Valspar Championship,DNP,Wells Fargo Championship,T9
AT&T Byron Nelson,4,Rafa Cabrera Bello,131,129,102,RBC Heritage,DNP,Zurich Classic of New Orleans,DNP,Valspar Championship,CUT,Wells Fargo Championship,CUT
AT&T Byron Nelson,4,K.H. Lee,137,136,272,RBC Heritage,T56,Zurich Classic of New Orleans,T23,Valspar Championship,T29,Wells Fargo Championship,T58
AT&T Byron Nelson,4,Andrew Landry,138,133,105,RBC Heritage,T33,Zurich Classic of New Orleans,CUT,Valspar Championship,CUT,Wells Fargo Championship,DNP
AT&T Byron Nelson,4,Andrew Putnam,142,142,198,RBC Heritage,CUT,Zurich Classic of New Orleans,CUT,Valspar Championship,CUT,Wells Fargo Championship,T43
AT&T Byron Nelson,4,Rory Sabbatini,143,134,117,RBC Heritage,51,Zurich Classic of New Orleans,DNP,Valspar Championship,CUT,Wells Fargo Championship,CUT
AT&T Byron Nelson,4,Luke List,145,175,176,RBC Heritage,58,Zurich Classic of New Orleans,CUT,Valspar Championship,CUT,Wells Fargo Championship,T6
AT&T Byron Nelson,5,Harry Higgs,148,140,121,RBC Heritage,T59,Zurich Classic of New Orleans,CUT,Valspar Championship,DNP,Wells Fargo Championship,CUT
AT&T Byron Nelson,5,Wyndham Clark,149,149,147,RBC Heritage,64,Zurich Classic of New Orleans,T17,Valspar Championship,T60,Wells Fargo Championship,T43
AT&T Byron Nelson,5,Nate Lashley,152,147,119,RBC Heritage,DNP,Zurich Classic of New Orleans,DNP,Valspar Championship,DNP,Wells Fargo Championship,CUT
AT&T Byron Nelson,5,James Hahn,153,148,248,RBC Heritage,DNP,Zurich Classic of New Orleans,CUT,Valspar Championship,CUT,Wells Fargo Championship,CUT
AT&T Byron Nelson,5,Sepp Straka,154,152,142,RBC Heritage,T59,Zurich Classic of New Orleans,T29,Valspar Championship,DNP,Wells Fargo Championship,T54
AT&T Byron Nelson,5,Keith Mitchell,156,249,184,RBC Heritage,DNP,Zurich Classic of New Orleans,T4,Valspar Championship,69,Wells Fargo Championship,T3
AT&T Byron Nelson,5,Charl Schwartzel,157,177,206,RBC Heritage,DNP,Zurich Classic of New Orleans,2,Valspar Championship,T21,Wells Fargo Championship,T14
AT&T Byron Nelson,5,C.T. Pan,162,164,145,RBC Heritage,CUT,Zurich Classic of New Orleans,CUT,Valspar Championship,DNP,Wells Fargo Championship,T18
AT&T Byron Nelson,5,Doc Redman,168,162,89,RBC Heritage,CUT,Zurich Classic of New Orleans,T17,Valspar Championship,T39,Wells Fargo Championship,CUT
AT&T Byron Nelson,5,Troy Merritt,169,159,151,RBC Heritage,CUT,Zurich Classic of New Orleans,CUT,Valspar Championship,T8,Wells Fargo Championship,CUT
AT&T Byron Nelson,6,Mark Hubbard,175,171,139,RBC Heritage,CUT,Zurich Classic of New Orleans,CUT,Valspar Championship,CUT,Wells Fargo Championship,CUT
AT&T Byron Nelson,6,Danny Lee,178,174,140,RBC Heritage,CUT,Zurich Classic of New Orleans,CUT,Valspar Championship,T21,Wells Fargo Championship,WD
AT&T Byron Nelson,6,Jhonattan Vegas,181,187,216,RBC Heritage,DNP,Zurich Classic of New Orleans,CUT,Valspar Championship,T48,Wells Fargo Championship,T43
AT&T Byron Nelson,6,Tyler Duncan,183,180,146,RBC Heritage,CUT,Zurich Classic of New Orleans,T11,Valspar Championship,T39,Wells Fargo Championship,CUT
AT&T Byron Nelson,6,Sung Kang,184,156,86,RBC Heritage,65,Zurich Classic of New Orleans,CUT,Valspar Championship,CUT,Wells Fargo Championship,CUT
AT&T Byron Nelson,6,Scott Piercy,185,213,141,RBC Heritage,62,Zurich Classic of New Orleans,CUT,Valspar Championship,CUT,Wells Fargo Championship,T11
AT&T Byron Nelson,6,Hudson Swafford,189,190,194,RBC Heritage,CUT,Zurich Classic of New Orleans,DNP,Valspar Championship,CUT,Wells Fargo Championship,DNP
AT&T Byron Nelson,6,Patton Kizzire,191,188,236,RBC Heritage,CUT,Zurich Classic of New Orleans,DNP,Valspar Championship,T60,Wells Fargo Championship,T58
AT&T Byron Nelson,6,Vaughn Taylor,198,193,180,RBC Heritage,CUT,Zurich Classic of New Orleans,CUT,Valspar Championship,T6,Wells Fargo Championship,CUT
AT&T Byron Nelson,6,Sam Ryder,200,195,318,RBC Heritage,DNP,Zurich Classic of New Orleans,T17,Valspar Championship,CUT,Wells Fargo Championship,CUT
AT&T Byron Nelson,6,Ryan Moore,202,205,171,RBC Heritage,T52,Zurich Classic of New Orleans,DNP,Valspar Championship,T39,Wells Fargo Championship,T54
AT&T Byron Nelson,6,Brian Stuard,203,211,185,RBC Heritage,T18,Zurich Classic of New Orleans,CUT,Valspar Championship,CUT,Wells Fargo Championship,T37
AT&T Byron Nelson,6,Russell Knox,204,218,225,RBC Heritage,CUT,Zurich Classic of New Orleans,CUT,Valspar Championship,T21,Wells Fargo Championship,T18
AT&T Byron Nelson,6,Camilo Villegas,213,208,404,RBC Heritage,T25,Zurich Classic of New Orleans,DNP,Valspar Championship,T11,Wells Fargo Championship,DNP
AT&T Byron Nelson,6,Patrick Rodgers,216,223,230,RBC Heritage,CUT,Zurich Classic of New Orleans,DNP,Valspar Championship,CUT,Wells Fargo Championship,T37
AT&T Byron Nelson,6,Will Gordon,217,208,228,RBC Heritage,CUT,Zurich Classic of New Orleans,CUT,Valspar Championship,DNP,Wells Fargo Championship,CUT
AT&T Byron Nelson,6,Pat Perez,229,241,209,RBC Heritage,CUT,Zurich Classic of New Orleans,T21,Valspar Championship,T29,Wells Fargo Championship,T26
AT&T Byron Nelson,6,Adam Schenk,230,224,238,RBC Heritage,T25,Zurich Classic of New Orleans,T11,Valspar Championship,T18,Wells Fargo Championship,CUT
AT&T Byron Nelson,6,Peter Uihlein,234,247,493,RBC Heritage,DNP,Zurich Classic of New Orleans,3,Valspar Championship,T57,Wells Fargo Championship,DNP
AT&T Byron Nelson,6,Doug Ghim,236,231,387,RBC Heritage,T33,Zurich Classic of New Orleans,T11,Valspar Championship,CUT,Wells Fargo Championship,DNP
AT&T Byron Nelson,6,Austin Cook,238,229,190,RBC Heritage,CUT,Zurich Classic of New Orleans,CUT,Valspar Championship,CUT,Wells Fargo Championship,CUT
AT&T Byron Nelson,6,Brice Garnett,243,235,271,RBC Heritage,T52,Zurich Classic of New Orleans,T11,Valspar Championship,DNP,Wells Fargo Championship,CUT
AT&T Byron Nelson,6,Bo Hoag,247,240,297,RBC Heritage,CUT,Zurich Classic of New Orleans,CUT,Valspar Championship,CUT,Wells Fargo Championship,CUT
AT&T Byron Nelson,6,Padraig Harrington,253,246,304,RBC Heritage,DNP,Zurich Classic of New Orleans,DNP,Valspar Championship,DNP,Wells Fargo Championship,DNP
AT&T Byron Nelson,6,Ryan Armour,257,249,237,RBC Heritage,CUT,Zurich Classic of New Orleans,DNP,Valspar Championship,CUT,Wells Fargo Championship,CUT
AT&T Byron Nelson,6,Scott Stallings,269,279,245,RBC Heritage,CUT,Zurich Classic of New Orleans,T11,Valspar Championship,T29,Wells Fargo Championship,T43
AT&T Byron Nelson,6,Rafael Campos,270,269,699,RBC Heritage,CUT,Zurich Classic of New Orleans,CUT,Valspar Championship,CUT,Wells Fargo Championship,CUT
AT&T Byron Nelson,6,Tyler McCumber,274,271,278,RBC Heritage,DNP,Zurich Classic of New Orleans,DNP,Valspar Championship,DNP,Wells Fargo Championship,CUT
AT&T Byron Nelson,6,Kris Ventura,278,267,176,RBC Heritage,DNP,Zurich Classic of New Orleans,T25,Valspar Championship,CUT,Wells Fargo Championship,CUT
AT&T Byron Nelson,6,Scott Brown,283,276,240,RBC Heritage,CUT,Zurich Classic of New Orleans,CUT,Valspar Championship,T39,Wells Fargo Championship,CUT
AT&T Byron Nelson,6,Joseph Bramlett,298,291,284,RBC Heritage,DNP,Zurich Classic of New Orleans,CUT,Valspar Championship,T63,Wells Fargo Championship,CUT
AT&T Byron Nelson,6,Cameron Percy,299,294,335,RBC Heritage,DNP,Zurich Classic of New Orleans,33,Valspar Championship,CUT,Wells Fargo Championship,CUT
AT&T Byron Nelson,6,Ben Martin,301,410,490,RBC Heritage,CUT,Zurich Classic of New Orleans,CUT,Valspar Championship,DNP,Wells Fargo Championship,T11
AT&T Byron Nelson,6,Chesson Hadley,302,289,252,RBC Heritage,CUT,Zurich Classic of New Orleans,CUT,Valspar Championship,CUT,Wells Fargo Championship,CUT
AT&T Byron Nelson,6,Bronson Burgoon,317,312,338,RBC Heritage,DNP,Zurich Classic of New Orleans,CUT,Valspar Championship,T13,Wells Fargo Championship,CUT
AT&T Byron Nelson,6,John Huh,321,315,369,RBC Heritage,DNP,Zurich Classic of New Orleans,DNP,Valspar Championship,CUT,Wells Fargo Championship,CUT
AT&T Byron Nelson,6,Xinjun Zhang,324,316,181,RBC Heritage,CUT,Zurich Classic of New Orleans,CUT,Valspar Championship,CUT,Wells Fargo Championship,CUT
AT&T Byron Nelson,6,Hank Lebioda,332,336,328,RBC Heritage,DNP,Zurich Classic of New Orleans,CUT,Valspar Championship,T13,Wells Fargo Championship,T51
AT&T Byron Nelson,6,Anirban Lahiri,333,330,435,RBC Heritage,CUT,Zurich Classic of New Orleans,DNP,Valspar Championship,DNP,Wells Fargo Championship,DNP
AT&T Byron Nelson,6,Kramer Hickok,336,341,361,RBC Heritage,DNP,Zurich Classic of New Orleans,CUT,Valspar Championship,T57,Wells Fargo Championship,T51
AT&T Byron Nelson,6,"Ted Potter, Jr.",351,344,446,RBC Heritage,CUT,Zurich Classic of New Orleans,DNP,Valspar Championship,T18,Wells Fargo Championship,T72
AT&T Byron Nelson,6,Roger Sloan,365,355,346,RBC Heritage,DNP,Zurich Classic of New Orleans,CUT,Valspar Championship,CUT,Wells Fargo Championship,T58
AT&T Byron Nelson,6,Scott Harrington,369,358,330,RBC Heritage,T42,Zurich Classic of New Orleans,CUT,Valspar Championship,DQ,Wells Fargo Championship,CUT
AT&T Byron Nelson,6,Wesley Bryan,371,363,548,RBC Heritage,T25,Zurich Classic of New Orleans,DNP,Valspar Championship,T48,Wells Fargo Championship,DNP
AT&T Byron Nelson,6,Grayson Murray,373,361,561,RBC Heritage,DNP,Zurich Classic of New Orleans,T25,Valspar Championship,CUT,Wells Fargo Championship,CUT
AT&T Byron Nelson,6,Satoshi Kodaira,374,485,396,RBC Heritage,CUT,Zurich Classic of New Orleans,DNP,Valspar Championship,CUT,Wells Fargo Championship,T11
AT&T Byron Nelson,6,Fabián Gómez,379,366,288,RBC Heritage,DNP,Zurich Classic of New Orleans,CUT,Valspar Championship,DNP,Wells Fargo Championship,DNP
AT&T Byron Nelson,6,Beau Hossler,382,369,286,RBC Heritage,CUT,Zurich Classic of New Orleans,CUT,Valspar Championship,T39,Wells Fargo Championship,77
AT&T Byron Nelson,6,Vincent Whaley,384,421,454,RBC Heritage,DNP,Zurich Classic of New Orleans,T29,Valspar Championship,T29,Wells Fargo Championship,T26
AT&T Byron Nelson,6,Michael Gligic,387,377,444,RBC Heritage,CUT,Zurich Classic of New Orleans,T29,Valspar Championship,T29,Wells Fargo Championship,T58
AT&T Byron Nelson,6,Josh Teater,392,379,336,RBC Heritage,DNP,Zurich Classic of New Orleans,T29,Valspar Championship,DNP,Wells Fargo Championship,DNP
AT&T Byron Nelson,6,Wes Roach,403,386,376,RBC Heritage,DNP,Zurich Classic of New Orleans,CUT,Valspar Championship,DNP,Wells Fargo Championship,DNP
AT&T Byron Nelson,6,Rob Oppenheim,429,420,450,RBC Heritage,DNP,Zurich Classic of New Orleans,T25,Valspar Championship,CUT,Wells Fargo Championship,CUT
AT&T Byron Nelson,6,Kiradech Aphibarnrat,435,414,273,RBC Heritage,DNP,Zurich Classic of New Orleans,CUT,Valspar Championship,CUT,Wells Fargo Championship,DNP
AT&T Byron Nelson,6,Seamus Power,437,448,429,RBC Heritage,DNP,Zurich Classic of New Orleans,DNP,Valspar Championship,DNP,Wells Fargo Championship,T54
AT&T Byron Nelson,6,J.B. Holmes,443,425,235,RBC Heritage,DNP,Zurich Classic of New Orleans,CUT,Valspar Championship,68,Wells Fargo Championship,CUT
AT&T Byron Nelson,6,Jamie Lovemark,455,451,892,RBC Heritage,DNP,Zurich Classic of New Orleans,DNP,Valspar Championship,CUT,Wells Fargo Championship,CUT
AT&T Byron Nelson,6,Zack Sucher,463,450,320,RBC Heritage,DNP,Zurich Classic of New Orleans,32,Valspar Championship,DNP,Wells Fargo Championship,DNP
AT&T Byron Nelson,6,Kevin Tway,469,457,363,RBC Heritage,T48,Zurich Classic of New Orleans,CUT,Valspar Championship,CUT,Wells Fargo Championship,T72
AT&T Byron Nelson,6,Aaron Baddeley,473,469,406,RBC Heritage,DNP,Zurich Classic of New Orleans,CUT,Valspar Championship,CUT,Wells Fargo Championship,DNP
AT&T Byron Nelson,6,J.J. Spaun,478,584,476,RBC Heritage,DNP,Zurich Classic of New Orleans,CUT,Valspar Championship,CUT,Wells Fargo Championship,T18
AT&T Byron Nelson,6,Nick Watney,489,480,353,RBC Heritage,CUT,Zurich Classic of New Orleans,T11,Valspar Championship,CUT,Wells Fargo Championship,DNP
AT&T Byron Nelson,6,Ryan Brehm,495,488,434,RBC Heritage,DNP,Zurich Classic of New Orleans,DNP,Valspar Championship,CUT,Wells Fargo Championship,CUT
AT&T Byron Nelson,6,David Hearn,501,487,453,RBC Heritage,DNP,Zurich Classic of New Orleans,32,Valspar Championship,CUT,Wells Fargo Championship,CUT
AT&T Byron Nelson,6,Jimmy Walker,510,496,421,RBC Heritage,DNP,Zurich Classic of New Orleans,DNP,Valspar Championship,T29,Wells Fargo Championship,T72
AT&T Byron Nelson,6,Tim Wilkinson,513,502,461,RBC Heritage,DNP,Zurich Classic of New Orleans,CUT,Valspar Championship,CUT,Wells Fargo Championship,DNP
AT&T Byron Nelson,6,Nelson Ledesma,530,554,505,RBC Heritage,DNP,Zurich Classic of New Orleans,CUT,Valspar Championship,CUT,Wells Fargo Championship,DNP
AT&T Byron Nelson,6,Chris Baker,536,520,428,RBC Heritage,DNP,Zurich Classic of New Orleans,31,Valspar Championship,DNP,Wells Fargo Championship,DNP
AT&T Byron Nelson,6,Sebastian Cappelen,547,530,406,RBC Heritage,DNP,Zurich Classic of New Orleans,CUT,Valspar Championship,CUT,Wells Fargo Championship,CUT
AT&T Byron Nelson,6,Ryan Lumsden,556,548,757,RBC Heritage,DNP,Zurich Classic of New Orleans,DNP,Valspar Championship,DNP,Wells Fargo Championship,DNP
AT&T Byron Nelson,6,D.J. Trahan,568,545,447,RBC Heritage,DNP,Zurich Classic of New Orleans,CUT,Valspar Championship,CUT,Wells Fargo Championship,76
AT&T Byron Nelson,6,K.J. Choi,577,560,538,RBC Heritage,CUT,Zurich Classic of New Orleans,CUT,Valspar Championship,CUT,Wells Fargo Championship,T70
AT&T Byron Nelson,6,Kevin Chappell,581,566,708,RBC Heritage,DNP,Zurich Classic of New Orleans,DNP,Valspar Championship,DNP,Wells Fargo Championship,DNP
AT&T Byron Nelson,6,Rhein Gibson,592,572,508,RBC Heritage,DNP,Zurich Classic of New Orleans,CUT,Valspar Championship,DNP,Wells Fargo Championship,DNP
AT&T Byron Nelson,6,Bo Van Pelt,600,585,1894,RBC Heritage,CUT,Zurich Classic of New Orleans,CUT,Valspar Championship,T39,Wells Fargo Championship,T65
AT&T Byron Nelson,6,Shawn Stefani,654,706,528,RBC Heritage,DNP,Zurich Classic of New Orleans,DNP,Valspar Championship,DNP,Wells Fargo Championship,DNP
AT&T Byron Nelson,6,Bill Haas,656,640,604,RBC Heritage,CUT,Zurich Classic of New Orleans,CUT,Valspar Championship,DNP,Wells Fargo Championship,CUT
AT&T Byron Nelson,6,Luke Donald,658,635,499,RBC Heritage,CUT,Zurich Classic of New Orleans,DNP,Valspar Championship,T54,Wells Fargo Championship,CUT
AT&T Byron Nelson,6,Sean O'Hair,660,809,722,RBC Heritage,DNP,Zurich Classic of New Orleans,DNP,Valspar Championship,CUT,Wells Fargo Championship,T37
AT&T Byron Nelson,6,Greg Chalmers,672,661,720,RBC Heritage,DNP,Zurich Classic of New Orleans,DNP,Valspar Championship,DNP,Wells Fargo Championship,DNP
AT&T Byron Nelson,6,Kelly Kraft,677,648,445,RBC Heritage,DNP,Zurich Classic of New Orleans,CUT,Valspar Championship,CUT,Wells Fargo Championship,CUT
AT&T Byron Nelson,6,Mark Anderson,682,665,459,RBC Heritage,DNP,Zurich Classic of New Orleans,CUT,Valspar Championship,DNP,Wells Fargo Championship,DNP
AT&T Byron Nelson,6,MJ Daffue,705,695,662,RBC Heritage,DNP,Zurich Classic of New Orleans,DNP,Valspar Championship,DNP,Wells Fargo Championship,DNP
AT&T Byron Nelson,6,Roberto Castro,716,702,706,RBC Heritage,DNP,Zurich Classic of New Orleans,CUT,Valspar Championship,DNP,Wells Fargo Championship,DNP
AT&T Byron Nelson,6,Michael Gellerman,742,733,612,RBC Heritage,DNP,Zurich Classic of New Orleans,CUT,Valspar Championship,DNP,Wells Fargo Championship,DNP
AT&T Byron Nelson,6,Jonathan Byrd,750,728,566,RBC Heritage,DNP,Zurich Classic of New Orleans,CUT,Valspar Championship,DNP,Wells Fargo Championship,DNP
AT&T Byron Nelson,6,Matt Every,772,748,475,RBC Heritage,DNP,Zurich Classic of New Orleans,CUT,Valspar Championship,DNP,Wells Fargo Championship,DNP
AT&T Byron Nelson,6,Jonas Blixt,884,845,540,RBC Heritage,DNP,Zurich Classic of New Orleans,DNP,Valspar Championship,CUT,Wells Fargo Championship,T65
AT&T Byron Nelson,6,Johnson Wagner,987,953,667,RBC Heritage,DNP,Zurich Classic of New Orleans,CUT,Valspar Championship,DNP,Wells Fargo Championship,T58
AT&T Byron Nelson,6,Ben Taylor,988,974,763,RBC Heritage,DNP,Zurich Classic of New Orleans,CUT,Valspar Championship,DNP,Wells Fargo Championship,DNP
AT&T Byron Nelson,6,Martin Trainer,1003,1000,679,RBC Heritage,CUT,Zurich Classic of New Orleans,CUT,Valspar Championship,CUT,Wells Fargo Championship,CUT
AT&T Byron Nelson,6,Dominic Bozzelli,1043,1016,732,RBC Heritage,DNP,Zurich Classic of New Orleans,CUT,Valspar Championship,DNP,Wells Fargo Championship,DNP
AT&T Byron Nelson,6,Ricky Barnes,1129,1125,1077,RBC Heritage,DNP,Zurich Classic of New Orleans,CUT,Valspar Championship,DNP,Wells Fargo Championship,DNP
AT&T Byron Nelson,6,John Lyras,1153,1156,1894,RBC Heritage,DNP,Zurich Classic of New Orleans,DNP,Valspar Championship,DNP,Wells Fargo Championship,DNP
AT&T Byron Nelson,6,Hunter Mahan,1291,1833,1514,RBC Heritage,CUT,Zurich Classic of New Orleans,CUT,Valspar Championship,CUT,Wells Fargo Championship,T54
AT&T Byron Nelson,6,Ryan Blaum,1303,1267,926,RBC Heritage,DNP,Zurich Classic of New Orleans,CUT,Valspar Championship,DNP,Wells Fargo Championship,DNP
AT&T Byron Nelson,6,Michael Kim,1409,1406,1802,RBC Heritage,WD,Zurich Classic of New Orleans,28,Valspar Championship,CUT,Wells Fargo Championship,CUT
AT&T Byron Nelson,6,J.J. Henry,1644,1613,1321,RBC Heritage,DNP,Zurich Classic of New Orleans,DNP,Valspar Championship,DNP,Wells Fargo Championship,DNP
AT&T Byron Nelson,6,Cole Hammer,1855,1859,1894,RBC Heritage,DNP,Zurich Classic of New Orleans,DNP,Valspar Championship,DNP,Wells Fargo Championship,DNP
AT&T Byron Nelson,6,Tom Lovelady,1855,1859,1752,RBC Heritage,DNP,Zurich Classic of New Orleans,DNP,Valspar Championship,DNP,Wells Fargo Championship,DNP
AT&T Byron Nelson,6,Dylan Meyer,1855,1859,1835,RBC Heritage,DNP,Zurich Classic of New Orleans,DNP,Valspar Championship,DNP,Wells Fargo Championship,DNP
AT&T Byron Nelson,6,John Senden,1855,1859,1773,RBC Heritage,DNP,Zurich Classic of New Orleans,DNP,Valspar Championship,DNP,Wells Fargo Championship,DNP
AT&T Byron Nelson,6,Kevin Stadler,1855,1859,1894,RBC Heritage,DNP,Zurich Classic of New Orleans,CUT,Valspar Championship,CUT,Wells Fargo Championship,DNP
AT&T Byron Nelson,6,Tyler Strafaci,1855,1859,1894,RBC Heritage,DNP,Zurich Classic of New Orleans,DNP,Valspar Championship,DNP,Wells Fargo Championship,DNP
AT&T Byron Nelson,6,Pierceson Coody,9999,9999,9999,RBC Heritage,DNP,Zurich Classic of New Orleans,DNP,Valspar Championship,DNP,Wells Fargo Championship,DNP
AT&T Byron Nelson,6,Shane Pearce,9999,9999,9999,RBC Heritage,DNP,Zurich Classic of New Orleans,DNP,Valspar Championship,DNP,Wells Fargo Championship,DNP
